Concept1,Concept2,TreatmentGroupStudentIds,ControlGroupStudentIds,TreatmentGroupSuccess,ControlGroupSuccess,TreatmentGroupSize,ControlGroupSize,TGoutperforms,CSR_score
"Rounding to the Nearest Whole (10, 100, etc)",Prime Numbers and Prime Factors,"[7, 2581, 33, 6189, 2610, 6215, 99, 2684, 2685, 2686, 6318, 6320, 3256, 2775, 3295, 2802, 1271, 1274, 1799, 3348, 291, 352, 406, 6061]","[2279, 2408, 2411, 374, 633, 2947, 1062, 1254, 1370]",0.7108766233766234,0.6037037037037037,24,9,1,7.3857
Writing Ratios,"Square Roots, Cube Roots, etc","[2684, 401, 3017]","[1758, 804]",0.8962962962962964,0.9,3,2,0,7.3823
"Rounding to the Nearest Whole (10, 100, etc)","Basic Angle Facts (straight line, opposite, around a point, etc)","[7, 3602, 3603, 2581, 2603, 2610, 1641, 2684, 2686, 2685, 145, 2748, 3295, 2282, 4382, 291, 3885, 389, 401, 406, 5529, 412, 951, 3530, 3532]","[3075, 3604, 537, 3614, 3617, 1574, 1659, 1660, 1661, 658, 3754, 3283, 775, 3883, 3895, 3898, 3906, 3915, 3916, 357, 3511, 3512, 3513, 445, 3519, 3521, 3524, 3527, 3531, 3533]",0.8364603174603172,0.7407936507936509,25,30,1,7.3805
"Speed, Distance, Time",Surface Area of Prisms,"[3, 69, 79, 608, 1891]","[2064, 6160, 2594, 3110, 3114, 6220, 5712, 5218, 4739, 3208, 1672, 3212, 6296, 3230, 675, 678, 1700, 1725, 6382, 6416, 4402, 2355, 5939, 5442, 347, 5474, 875, 5482, 5486, 899, 5511, 916, 5550]",0.6,0.769949494949495,5,33,0,7.3786
Multiples and Lowest Common Multiple,Pie Chart,"[44, 3252, 192, 3285, 237, 3333, 776, 3357, 317, 897, 2522]","[4625, 5198, 5199, 5202, 5203, 5209, 5210, 3710, 3742, 3250, 3251, 3254, 3255, 3259, 3264, 3281, 3298, 3300, 2274, 271, 3344, 3373]",0.5152777777777777,0.6944264069264069,11,22,0,7.3683
Writing Ratios,Two Way Tables,"[530, 1069, 2623, 79, 642, 2253, 401]","[648, 3379, 3380]",0.8175824175824176,0.75,7,3,1,7.3679
Length Units,Pie Chart,"[4, 2610, 6227, 134, 3285, 317, 406]","[4625, 5198, 5199, 5200, 5202, 5203, 5209, 5210, 3710, 3742, 3250, 3251, 3254, 3255, 3259, 3260, 3264, 3281, 3298, 3300, 2274, 3338, 271, 3344, 3373]",0.7422459893048128,0.6863333333333332,7,25,1,7.3595
Counting,Upper and Lower Bounds,"[2599, 6205, 2624, 125, 648, 3257, 3285, 3294, 3295, 3338, 406, 477]",[984],0.8041666666666668,0.5,12,1,1,7.347
"Speed, Distance, Time",Finding the Gradient and Intercept of a Line from the Equation,"[3, 69, 79, 608, 656, 171]","[3094, 3095, 3096, 3097, 3098, 3099, 3100, 4197, 5223, 2726]",0.5928571428571429,0.6416666666666666,6,10,0,7.3435
Area of Simple Shapes,Find Missing Quantities,"[79, 593, 1643, 2179, 2188, 2191]","[1378, 1381, 1382, 1383, 1384, 1385, 1386, 1387, 1388, 1389, 1390, 1391, 1392, 1393, 1394, 1395, 1396, 1602, 1603, 903, 1604, 1605, 1422, 1606, 1607, 1608, 1609, 1610, 1611, 1612]",0.7999999999999999,0.8777777777777778,6,30,0,7.337
Area of Simple Shapes,Mental Addition and Subtraction,"[4221, 2795, 964, 5311, 6082]","[4096, 10, 59, 4089, 2157, 242, 2305, 269, 285, 2539, 4720, 695, 2767, 2766, 726, 829, 4967, 4968, 4969, 4970, 4971, 4972, 4973, 4974, 4975, 4976, 4977, 4978, 4979, 4980, 4981, 4982, 4983, 4990, 5000, 5010, 5012, 5013, 5017, 5019, 3006, 5060, 1340, 3438, 3593, 5858, 6064, 6065, 6066, 6067, 6070, 6071, 6072, 4088, 4090, 4092, 4093]",0.8769736842105263,0.7172514619883039,5,57,1,7.3365
Written Subtraction,Prime Numbers and Prime Factors,"[515, 523, 36, 3643, 2623, 79, 606, 6302, 4257, 6320, 4291, 3285, 2790, 1781, 3348, 5909, 1829, 4404, 2870, 2369, 339, 343, 902, 1926, 1934, 964, 2502, 6101, 477]","[94, 2279, 2408, 2411, 374, 435, 633, 2947, 1062, 1254, 1370]",0.7419039772488049,0.6,29,11,1,7.3362
Place Value,Writing Ratios,"[86, 98, 134, 192, 235, 2283, 282, 4422, 530, 556, 2623, 593, 598, 669, 674, 2772, 2805, 2810, 949, 5348, 3401, 3635, 5771, 1842]","[157, 2520, 491, 2850, 2852, 2940, 3016, 3037, 1056, 1139, 1201, 1256, 3872]",0.7299769523954307,0.7200854700854701,24,13,1,7.3362
Place Value,Direct Proportion,"[2072, 6189, 2143, 98, 2159, 134, 4291, 235, 2283, 2406, 522, 530, 2623, 589, 632, 669, 964, 3049, 3068, 3173, 3184, 1230, 3635, 3859, 1841, 1842, 1843]","[3620, 3621, 3622, 3623, 3624, 3625, 3626, 3627, 3628, 3629, 3631, 2626, 3663, 97, 3213, 3217, 3221, 3222, 5279, 5280, 5294, 2315, 3632, 3633, 3636, 3637, 3638, 3012]",0.8323005184116296,0.8168367346938776,27,28,1,7.3331
Dividing Fractions,Missing Lengths,"[543, 70, 88, 648, 154, 3295, 2790, 3357, 389, 5529]","[385, 3351, 6059]",0.8823809523809523,0.40277777777777785,10,3,1,7.3116
Perimeter,Ordering Negative Numbers,"[279, 343, 389, 6082]","[6223, 117, 2387, 884, 2977, 2990, 2991, 955, 1356, 1363]",0.9583333333333334,0.35,4,10,1,7.3074
Length Units,Laws of Indices,"[4, 2622, 134, 988]","[642, 3244, 3813, 3814, 3815, 3816, 3817, 4895, 4908, 4909, 1921, 1922, 1924, 1927, 1928, 1929, 1930, 1931, 1932, 1933, 1934, 1935, 1937, 1939, 1940, 979]",0.6599206349206349,0.5168956043956044,4,26,1,7.2965
Area of Simple Shapes,Standard Form,"[79, 1307]","[3753, 3241]",0.66875,0.5357142857142857,2,2,1,7.2824
Mental Multiplication and Division,Upper and Lower Bounds,"[10, 79, 2642, 3251, 189, 209, 3300, 3344, 311, 4422]",[984],0.8371639471639473,0.5,10,1,1,7.2814
Estimation,Percentages of an Amount,"[3108, 2603, 5248, 235, 3376, 2908]","[4468, 4469, 4470, 4471, 4472, 421, 472, 4628, 4629, 874, 930, 970, 3554, 1571, 5776, 1709, 1756, 3825, 3826, 3827, 3828, 3829, 3830, 3831, 3832, 3833, 3835]",0.6560943887030843,0.5965608465608467,6,27,1,7.2776
Counting,Equivalent Fractions,"[6189, 99, 3285, 3295, 5371, 5909, 2870, 1920, 2448, 477]","[1537, 1538, 1539, 1541, 1545, 1547, 1530, 1092, 1440, 1441, 1444, 1449, 1452, 1689, 1691, 1692, 1693, 1694, 1695, 1696, 1697, 1457, 1464, 2788, 2288, 2294, 4867, 1913, 1442, 1443, 1445, 1446, 1447, 1448, 1450, 1451, 1453, 1454, 1455, 1456, 1458, 1459, 1460, 1461, 1462, 1463, 1465, 1531, 1533, 1534]",0.7564285714285715,0.8086666666666668,10,50,0,7.2709
Multiples and Lowest Common Multiple,Two Way Tables,"[2870, 5557]","[3379, 3380]",0.65,0.625,2,2,1,7.2632
Linear Equations,Volume of Prisms,"[69, 79, 116, 147, 279]","[6167, 6203, 4362, 2332, 4598, 4599, 4600, 4601, 4602, 4603, 4604, 4605, 4608, 4609, 4610, 4611, 4612, 4614, 4615, 4616, 4617, 4618, 4619, 4621, 4620, 4623, 4624, 4622, 4734, 4736, 4606, 4607, 4832, 2887, 5027, 5162, 5222, 5268, 5478, 5586, 5738, 1729, 5853, 3850, 5899, 5911, 5913, 5922, 5942, 5946, 1878, 1909, 6109, 2029]",0.7106926406926407,0.6441758858425525,5,54,1,7.2595
"Rounding to the Nearest Whole (10, 100, etc)",Direct Proportion,"[7, 6189, 6214, 6318, 2283, 291, 355, 389, 406, 2581, 2685, 2748, 3137, 3151, 3256, 3295, 3329, 1839]","[97, 2315, 2319, 2329, 396, 2626, 3012, 5240, 3213, 3217, 3221, 3222, 5279, 5280, 5294, 3620, 3621, 3622, 3623, 3624, 3625, 3626, 3627, 3628, 3629, 3630, 3631, 3632, 3633, 3636, 3637, 3638, 3663]",0.869620811287478,0.7753968253968254,18,33,1,7.257
"Basic Angle Facts (straight line, opposite, around a point, etc)",Equivalent Fractions,"[2623, 79, 2219, 3285, 5909, 321, 325, 1926, 1938, 964, 6082]","[2288, 2294, 2788, 4867, 1443, 1444, 1440, 1441, 1442, 1445, 1446, 1447, 1448, 1449, 1450, 1451, 1452, 1457, 1458, 1453, 1454, 1455, 1456, 1459, 1464, 1460, 1461, 1462, 1463, 1465, 1529, 1530, 1531, 1532, 1533, 1534, 1537, 1538, 1539, 1540, 1541, 1542, 1543, 1544, 1545, 1547, 1689, 1691, 1692, 1693, 1694, 1695, 1696, 1697, 1913]",0.8209956709956711,0.7739393939393943,11,55,1,7.253
Angle Facts with Parallel Lines,Reflection,"[2341, 2344, 2348, 2349, 4073]","[2345, 788, 4935, 4936, 4938, 4939, 4940, 4937, 4941, 4942, 4944, 4945, 4943, 4947, 4946, 4948, 4949, 4951, 4952, 4950, 4953, 4954, 4956, 4957, 4958, 4955, 4959, 4961, 4962, 4963, 4960, 4965, 4966, 4964, 5281, 5283, 5284, 5285, 5286, 5287, 5289, 5290, 5291, 5292, 3262, 3384, 3385, 3386, 3395, 3410, 3411, 3412, 3413, 3414, 3415, 3416, 3417, 3418, 3419, 3420, 3421, 3422, 1525, 1566, 5809, 3866, 4001, 4002, 4003, 4004, 4005, 4006, 4007, 4008, 4009, 4010, 4011, 4012, 4013, 4014, 4015, 4016, 4017, 4018, 4019, 4020, 4021, 4022, 4023, 4024, 4025, 4026, 4027, 4028, 4074, 6129]",0.9199999999999999,0.6467025162337662,5,96,1,7.2462
Counting,Converting between Fractions and Decimals,"[6205, 99, 125, 4300, 406, 477, 2599, 2624, 648, 2870, 3285, 3294, 3295, 1275, 5909, 1920, 6089]","[2165, 168, 2287, 2289, 2293, 252, 277, 412, 2592, 714, 3092, 1067, 3339, 1964]",0.7788451283016501,0.6404761904761905,17,14,1,7.2453
Ordering Fractions,Length Scale Factors in Similar Shapes,"[2571, 15, 6162, 31, 5225, 5909, 3358, 3376]","[241, 3457]",0.48750000000000004,0.5,8,2,0,7.2436
Factors and Highest Common Factor,Fractions of an Amount,"[6189, 79, 236, 318, 325, 343, 2612, 606, 3295]","[576, 5150, 5183, 1344, 5570, 1686, 1819, 1822, 1823, 1824, 1826, 1828, 1830, 1832, 1833]",0.9506172839506173,0.6457142857142857,9,15,1,7.2429
Upper and Lower Bounds,Substitution into Formula,"[74, 608, 1643, 209, 3285, 256, 305, 5557, 3002]","[6356, 2391, 4502, 422, 442, 858, 860, 861, 883, 5171, 5259, 1884, 2010]",0.6895382395382396,0.7087912087912088,9,13,0,7.242
Adding and Subtracting Fractions,Missing Lengths,"[3609, 2597, 1570, 2603, 1092, 2644, 606, 613, 2159, 1641, 151, 669, 2210, 2748, 191, 3295, 3309, 2296, 2823, 4382, 2868, 2359, 321, 324, 325, 339, 343, 871, 389, 1926, 424, 427, 1966, 434, 3010, 964, 476]","[3351, 6059]",0.8275525525525527,0.4166666666666667,37,2,1,7.2308
Adding and Subtracting Fractions,Co-ordinate Geometry with Straight Lines,"[4, 1570, 57, 2622, 69, 2644, 636, 3285, 3295, 225, 279, 308, 389, 485, 6125]",[547],0.48980158730158735,0.5,15,1,0,7.1917
Combining Operations,"Types, Naming and Estimating","[2612, 3285, 776, 2522]","[514, 1035, 1125, 1126, 1127, 1107, 1108, 1109, 1110, 1112, 1113, 1114, 1115, 1116, 1117, 1118, 1120, 1122, 1123, 1124, 1129, 1130, 1131, 1132, 1133, 1140, 1141, 1142, 1143, 1144, 1145, 1146, 1147, 1148, 1149, 1150, 1151, 1152, 1153, 1154, 1155, 1156, 1157, 1159, 1162, 1163, 1164, 1165, 1166, 1184, 1158, 1160, 1161, 1128, 4430, 4431, 4432, 4435, 4436, 4437, 4438, 4442, 4443, 1397, 2939, 1111]",0.7205357142857143,0.7432659932659933,4,66,0,7.1788
"Squares, Cubes, etc",Direct Proportion,"[6, 2581, 31, 6189, 105, 110, 5225, 125, 201, 1230, 3295, 225, 256, 776, 5909, 279, 3357, 287, 1836, 318, 5468, 1374, 5532, 964, 6082, 485]","[97, 2283, 2315, 2319, 2329, 2626, 3012, 3213, 3217, 3221, 3222, 3620, 3621, 3622, 3623, 3624, 3625, 3626, 3627, 3628, 3629, 3630, 3631, 3632, 3633, 3635, 3636, 3637, 3638, 3663]",0.8344313021066415,0.7862698412698411,26,30,1,7.1751
Rounding to Significant Figures,Estimation,"[552, 593, 2665, 635, 160, 209, 246, 5104, 923]","[84, 2306, 2311, 6434, 2359, 2360, 2361, 2363, 2364, 2362, 2365, 2366, 2368, 2369, 2370, 2371, 2372, 2373, 2374, 2378, 2379, 2380, 2376, 2382, 2377, 2384, 2381, 2383, 2443, 4638, 686, 697, 744, 1024, 3352, 5471, 5521, 1479, 5720, 2375, 3845]",0.7067340067340067,0.6547619047619047,9,41,1,7.1729
Perimeter,Converting between Fractions and Percentages,"[134, 343, 389, 6082]","[107, 145, 1190, 3356, 304, 307]",0.9,0.7063492063492064,4,6,1,7.1684
Perimeter,Percentages of an Amount,"[132, 134, 3294, 235, 274, 279, 301, 308, 389, 5030, 6082, 5064, 5069, 5109]","[4628, 4629, 1571, 5776, 1756, 3825, 3826, 3827, 3828, 3829, 3830, 3831, 3832, 3833, 3835, 4468, 4469, 4470, 4471, 4472, 930, 421, 970, 472, 3554]",0.8688658016750225,0.5962857142857144,14,25,1,7.168
Time Series and Line Graphs,Length Scale Factors in Similar Shapes,"[15, 2082, 2620, 2642, 2644, 93, 105, 679, 3333, 5909, 287, 305, 1891, 4457, 1926, 1938, 2015]","[241, 348, 3457]",0.5478758169934641,0.3333333333333333,17,3,1,7.1363
Mental Multiplication and Division,"Averages (mean, median, mode) from a List of Data","[10, 2594, 2610, 1076, 79, 1168, 3251, 189, 190, 209, 1753, 3300, 268, 3344, 308, 4422, 2385, 2394, 902]","[89, 6278, 170, 2492, 2498, 557, 568, 685, 774, 859, 873, 893, 905, 934, 1025, 5220, 1174, 1198, 3263, 1237, 1249, 3458, 3460, 1643, 2019]",0.7462937647148173,0.5912857142857142,19,25,1,7.1306
Mental Multiplication and Division,Estimation,"[189, 209, 4305, 308, 311, 4422, 376, 522, 579, 606, 5347, 3358, 1753]","[4638, 5720, 2375, 697, 744, 2306, 3845, 2311, 3352, 6434, 2359, 2360, 2361, 2362, 2363, 2364, 2365, 2366, 2368, 2370, 2371, 2373, 2374, 2376, 2377, 2378, 2379, 2380, 2381, 2382, 2383, 2384, 5471, 2443, 5521, 1479]",0.5576340326340327,0.6720899470899471,13,36,0,7.1218
"Rounding to the Nearest Whole (10, 100, etc)",BIDMAS,"[7, 2581, 33, 2603, 2610, 6214, 6277, 6137, 4272, 3252, 2748, 707, 3295, 5347, 2282, 3358, 291, 352, 364, 389, 5529, 2473, 3530, 994, 507]","[5703, 5715, 6248, 2669, 2702, 2703, 2704, 2705, 2706, 2708, 2710, 2711, 2712, 665, 2713, 2714, 2715, 2716, 2717, 2718, 2720, 2721, 2724, 682, 5831, 1741, 2266, 219, 3844, 812, 6447, 4408, 2895, 915, 1948, 969, 5581]",0.7737389277389279,0.5229490854490855,25,37,1,7.1079
Prime Numbers and Prime Factors,Simplifying and Equivalent Ratios,"[523, 544, 57, 593, 2665, 2678, 189, 2764, 2801, 768, 406]","[3613, 575, 6216, 614, 2676, 2677, 4218, 4219, 2699, 2698, 2701, 218, 797, 3889, 3903, 2896, 2897, 2899, 2914, 3960, 3456, 3459, 917, 3506, 949, 958, 468, 3043, 4094]",0.5884822248458612,0.49885057471264366,11,29,1,7.0696
Multiples and Lowest Common Multiple,Properties of Quadrilaterals,"[2260, 237, 776, 3357, 897, 3017, 2522]","[803, 910]",0.3717687074829931,0.0,7,2,1,7.0553
Place Value,Pie Chart,"[513, 2072, 556, 4652, 4653, 4659, 86, 598, 98, 134, 4255, 4258, 4259, 4260, 4268, 181, 3254, 192, 3776, 3778, 3788, 1230, 2271, 4323, 235, 756, 3344, 282, 3885, 1842, 1437, 3512, 3516, 3517, 3530, 3532, 1515]","[4625, 5198, 5199, 5200, 5202, 5209, 5210, 3710, 3742, 3251, 3255, 3259, 3281, 2274]",0.6211365821037378,0.6383503401360544,37,14,0,7.0538
Written Division,Co-ordinate Geometry with Straight Lines,"[7, 2623, 1203, 3285, 6429, 389]",[547],0.5047619047619049,0.5,6,1,1,7.0437
Linear Sequences (nth term),"Square Roots, Cube Roots, etc","[86, 92]","[1758, 804]",0.7571428571428571,0.9,2,2,0,7.0387
"Rounding to the Nearest Whole (10, 100, etc)",Writing Expressions,"[7, 2581, 2610, 1606, 1612, 3252, 2748, 3274, 255, 291, 4390, 406, 6061, 443, 1017, 507]","[2, 4178, 90, 185, 195, 251, 302, 527, 550, 595, 683, 806, 1037, 5241, 1196, 1380]",0.7802429052429054,0.7111378205128205,16,16,1,7.0215
Written Subtraction,Time Series and Line Graphs,"[2083, 6186, 6207, 64, 6210, 4163, 6225, 4226, 6302, 2209, 4257, 6320, 4291, 6343, 2298, 4349, 4359, 4404, 2366, 2369, 339, 343, 4494, 2502, 477, 523, 2597, 564, 2613, 2623, 606, 673, 2790, 2860, 2870, 826, 902, 964, 3063, 1045, 5308, 3348, 5519, 3643, 1684, 5799, 1716, 1781, 5909, 1829, 1849, 1865, 5979, 1926, 1934, 6030, 6084, 6101, 6116]","[4098, 4103, 6148, 4107, 6155, 6156, 2065, 2066, 6164, 2071, 6169, 2074, 2075, 2076, 2078, 2079, 6173, 2082, 35, 6176, 37, 2085, 2086, 2087, 2088, 2089, 2090, 2091, 2093, 2094, 2095, 2096, 2097, 2098, 2099, 4150, 2106, 60, 2107, 2108, 2109, 2110, 2111, 2112, 2114, 2115, 2117, 2118, 2119, 2120, 2122, 2123, 4165, 4168, 6190, 4183, 4196, 6245, 4205, 111, 6253, 119, 6268, 4223, 4225, 6274, 6284, 6286, 2198, 2199, 2202, 6303, 2208, 2216, 169, 2218, 2220, 2222, 2223, 2224, 2225, 2226, 2227, 4271, 6323, 6326, 6327, 6329, 6333, 6336, 4290, 4302, 4303, 4304, 4306, 4308, 4309, 4310, 4311, 4313, 4314, 4315, 4316, 6357, 4318, 2271, 6360, 2273, 2277, 6371, 6376, 6379, 2290, 243, 6385, 6386, 4347, 4348, 4350, 4351, 4353, 4354, 6396, 6399, 4358, 6404, 2313, 2314, 2317, 2320, 4364, 4365, 4367, 2326, 2327, 6419, 6422, 6425, 6427, 4386, 4387, 4388, 6432, 4392, 4396, 4401, 6453, 6454, 6455, 6457, 6458, 6460, 6463, 4427, 2396, 2398, 356, 2407, 4457, 2410, 2412, 6180, 2432, 2433, 2434, 6182, 2440, 2467, 2468, 2469, 2470, 2471, 427, 2472, 2473, 2474, 2475, 2476, 2477, 2478, 2480, 2481, 2482, 2483, 2485, 2486, 4548, 2504, 4554, 460, 4561, 4562, 4563, 4565, 470, 2518, 6199, 2524, 2544, 2545, 2547, 2548, 2549, 2550, 2551, 2552, 2553, 2554, 2555, 2556, 2557, 2558, 2559, 2560, 517, 2566, 2573, 526, 4632, 538, 4633, 2603, 2608, 2614, 5403, 4664, 5404, 5405, 571, 2619, 5407, 583, 585, 2634, 588, 2636, 596, 4701, 609, 4710, 641, 4737, 4767, 4768, 676, 4773, 4774, 4776, 4782, 4784, 4785, 4787, 4788, 4791, 4795, 700, 4797, 4799, 2754, 4802, 4806, 712, 713, 4808, 4810, 4815, 4819, 4821, 4827, 4833, 4834, 740, 4836, 4838, 4839, 748, 4845, 766, 773, 780, 781, 4876, 4877, 4879, 4880, 795, 2866, 2871, 2872, 825, 833, 2901, 2905, 863, 865, 866, 2913, 2916, 881, 2935, 4985, 4987, 4988, 2941, 894, 4989, 4991, 4993, 2949, 2950, 2951, 4994, 4995, 4996, 4997, 4998, 5002, 5003, 5004, 5005, 5007, 5008, 5009, 5014, 5016, 5018, 956, 962, 3014, 5063, 3017, 3018, 974, 977, 3031, 986, 993, 995, 996, 3045, 3047, 3048, 3049, 1002, 3050, 1006, 5103, 1013, 5111, 1022, 3076, 1029, 5124, 1036, 1039, 5136, 1042, 5143, 6315, 1057, 3105, 1074, 5180, 1098, 1099, 1101, 1102, 1106, 5206, 3163, 5213, 5215, 5216, 5221, 5232, 1138, 5249, 5251, 5254, 5257, 3215, 3218, 1172, 1180, 1181, 3228, 1188, 3239, 3249, 5296, 5297, 1205, 1206, 1208, 5301, 5316, 5317, 1229, 3282, 1236, 1238, 6352, 5336, 1242, 3291, 3292, 5340, 5341, 6353, 3303, 1257, 3308, 1262, 1266, 5386, 5387, 5388, 5389, 5390, 5391, 5392, 5393, 5394, 5395, 5396, 5397, 5398, 5399, 5400, 5401, 3359, 5402, 3362, 3365, 5406, 3375, 5423, 5425, 5428, 3383, 5436, 5443, 6373, 5446, 3399, 3400, 5447, 3404, 1357, 1358, 1359, 1360, 1361, 3406, 5451, 5452, 5454, 5455, 5456, 5457, 5458, 5459, 5460, 1373, 5461, 3423, 1379, 3425, 5485, 5489, 5492, 5498, 5500, 5502, 5503, 5504, 5508, 5518, 6389, 5524, 5525, 5528, 5533, 5536, 6393, 5553, 5561, 5562, 5563, 5564, 5577, 5578, 1487, 1491, 6409, 6412, 6414, 1567, 1622, 1627, 1637, 1639, 5749, 5751, 1658, 3712, 3713, 3716, 1669, 3717, 3718, 3719, 3720, 3721, 3724, 5767, 5770, 5773, 5774, 1685, 5784, 5786, 5789, 3743, 5791, 5792, 5793, 5794, 5795, 5796, 5797, 5798, 5800, 5801, 5802, 5803, 5804, 5805, 5806, 5807, 5808, 5810, 5812, 5813, 5814, 5815, 5816, 1724, 1726, 5817, 1731, 1733, 1735, 1738, 5835, 1744, 1745, 5842, 5843, 5844, 5845, 5846, 5847, 5848, 5850, 1757, 5851, 5852, 1761, 1767, 1768, 1782, 1783, 1786, 1789, 1790, 1791, 1793, 1794, 1795, 1796, 1798, 5903, 3870, 5929, 3892, 3900, 1877, 1883, 1885, 1887, 1888, 1889, 1890, 1891, 1893, 1894, 1895, 1896, 1897, 1898, 3941, 1901, 1902, 5993, 5994, 1905, 1906, 1907, 5999, 6017, 3972, 6081, 6023, 3977, 3978, 6024, 6027, 6028, 6029, 3984, 6063, 1972, 1973, 6068, 6069, 6078, 6080, 1985, 1986, 1987, 1988, 1989, 1990, 1991, 1992, 1993, 1994, 1995, 1996, 1997, 1998, 1999, 2000, 2001, 6095, 2007, 2008, 6103, 2014, 2015, 2016, 6110, 2018, 6118, 4071, 2027, 2037, 6133, 6135]",0.812925539620455,0.7741448303380131,59,660,1,7.0055
Factors and Highest Common Factor,Range and Interquartile Range from a List of Data,"[2612, 3139, 3162, 3295, 3054]","[2598, 6193, 1354, 900, 1471, 965]",0.575,0.6666666666666666,5,6,0,7.001
Ordering Fractions,Substitution into Formula,"[2571, 15, 31, 130, 235, 318, 324, 325, 3017]","[5171, 5259, 6356, 2391, 1884, 883, 422, 442, 2010]",0.8595908448849625,0.6111111111111112,9,9,1,6.9948
Adding and Subtracting Fractions,Prime Numbers and Prime Factors,"[3072, 4, 6170, 2594, 6189, 57, 69, 3141, 593, 2644, 606, 5214, 99, 610, 2159, 5225, 151, 669, 3256, 2248, 2249, 2258, 2775, 3285, 3295, 3307, 3308, 1796, 1798, 274, 279, 2328, 6432, 4397, 2867, 321, 325, 838, 339, 341, 343, 871, 1925, 1926, 406, 424, 3010, 964, 485, 6125, 4599]","[94, 2279, 2408, 2411, 374, 435, 633, 2947, 1062, 1254, 1370]",0.7506716322892794,0.6,51,11,1,6.9883
"Speed, Distance, Time","Square Roots, Cube Roots, etc","[3, 3749, 171]","[1758, 804]",0.6309523809523809,0.9,3,2,0,6.9802
Mental Addition and Subtraction,Measuring Angles,"[7, 2623, 70, 606, 151, 183, 186, 3295, 256, 776, 287, 321, 343, 5468, 1374, 389, 1938, 434, 964, 477]","[2166, 2323, 1941, 1942, 2505, 1021]",0.7986904761904762,0.3611111111111111,20,6,1,6.9741
Converting between Fractions and Decimals,Prime Numbers and Prime Factors,"[2665, 5225, 154, 720, 3285, 3295, 279, 301, 1938, 424, 432, 6082, 3017]","[94, 2279, 2408, 2411, 374, 435, 633, 2947, 1062, 1254, 1370]",0.703937728937729,0.6,13,11,1,6.9696
Adding and Subtracting with Decimals,Length Scale Factors in Similar Shapes,"[31, 2599, 2623, 70, 2644, 610, 105, 1641, 5225, 3285, 3333, 3376, 3468, 3047, 3070]","[241, 3457]",0.45969696969696966,0.5,15,2,0,6.968
Multiples and Lowest Common Multiple,Substitution into Formula,"[3285, 237, 776, 317, 318, 325, 376, 5557, 3017, 2522]","[5171, 5259, 6356, 2391, 858, 1881, 860, 861, 1884, 883, 422, 442, 2010]",0.8215384615384614,0.6794871794871795,10,13,1,6.9642
Linear Sequences (nth term),Laws of Indices,"[3153, 92, 648, 2718, 3157, 3144, 3148, 3048, 3058, 3061, 3066]","[642, 3244, 3813, 3814, 3815, 3816, 3817, 4895, 4908, 4909, 1924, 1925, 1926, 1927, 1929, 1932, 1933, 1934, 1935, 1936, 1937, 1939, 1940, 979]",0.5964324244577307,0.5015873015873015,11,24,1,6.9539
"Rounding to the Nearest Whole (10, 100, etc)",Linear Sequences (nth term),"[7, 6179, 6214, 2168, 2174, 4272, 2282, 255, 291, 355, 364, 389, 406, 507, 2581, 2610, 2684, 2686, 2685, 2748, 2775, 2802, 4976, 994, 3137, 3151, 3250, 3252, 3254, 3256, 3295, 5347, 1265, 3338, 3358, 5529, 3712, 3719, 6137]","[4099, 4106, 2167, 2170, 2171, 2172, 2173, 2175, 2176, 2177, 2178, 2179, 2180, 2181, 2182, 2183, 2184, 2185, 2187, 2188, 2189, 2190, 2191, 2192, 2193, 2194, 2196, 2203, 213, 2269, 222, 6424, 2409, 2414, 397, 469, 566, 574, 2639, 637, 690, 844, 928, 973, 3028, 988, 1073, 1105, 5271, 1179, 5278, 3231, 5302, 5303, 1239, 3307, 1337, 1500, 5612, 5613, 5759, 3711, 3714, 3740, 3758, 3760, 5885, 3865, 3878, 3884, 3910, 3937, 3966, 3975, 3976, 4048, 4050, 4052, 4053, 4055, 4070, 4072, 2026]",0.7174536314887193,0.6958433428135768,39,83,1,6.9467
Mental Addition and Subtraction,Length Units,"[6, 7, 10, 2602, 2623, 70, 606, 613, 2665, 3252, 5311, 3295, 256, 776, 287, 321, 343, 5468, 1374, 389, 1925, 1938, 434, 2501, 964, 2509, 464, 477, 6137]","[2582, 6227, 2664, 1194, 1737, 722, 221, 5424, 2358, 1876, 2922, 2415, 2416, 2417, 2418, 2419, 387]",0.6370205839471208,0.6451213818860877,29,17,0,6.9353
Multiples and Lowest Common Multiple,Direct Proportion,"[151, 4291, 2260, 4319, 237, 4404, 318, 325, 402, 2522, 776, 2870, 3010, 1119, 3333, 3357, 1375, 3469, 5532, 5557, 1920, 1938]","[97, 2315, 396, 2626, 3012, 3213, 3217, 3221, 3222, 5294, 3620, 3621, 3622, 3623, 3624, 3625, 3626, 3627, 3628, 3629, 3630, 3631, 3632, 3633, 3635, 3636, 3637, 3638, 3663]",0.8208461235733964,0.8344170771756979,22,29,0,6.931
Length Units,Estimation,"[4, 134, 3285, 225]","[2306, 2311, 6434, 2360, 2361, 2363, 2364, 2362, 2365, 2366, 2367, 2368, 2369, 2370, 2371, 2372, 2373, 2374, 2376, 2378, 2379, 2380, 2377, 2382, 2381, 2384, 2383, 2443, 4638, 686, 697, 744, 1024, 3352, 5471, 5521, 1479, 5720, 2375, 3845]",0.55625,0.6523809523809523,4,40,0,6.9302
Writing Ratios,Angle Facts with Parallel Lines,"[1069, 2623, 3142, 3143, 79, 3162, 3159, 608, 2684, 2686, 401, 3017, 3054, 3055, 3066, 3069, 3071]","[5126, 5128, 5134, 5139, 1134, 1135, 3312, 904, 3985]",0.728074213368331,0.5232323232323233,17,9,1,6.9294
Laws of Indices,Direct Proportion,"[79, 5225, 308]","[97, 2283, 2315, 2319, 2329, 2626, 3012, 5239, 5240, 3213, 3217, 3221, 3222, 5279, 5280, 5294, 3620, 3621, 3622, 3623, 3624, 3625, 3626, 3627, 3628, 3629, 3630, 3631, 3632, 3633, 3635, 3636, 3637, 3638, 3663]",0.8333333333333334,0.7977551020408163,3,35,1,6.929
Mental Addition and Subtraction,Volume of Prisms,"[6, 7, 10, 2571, 2623, 2642, 2665, 147, 151, 256, 776, 287, 308, 318, 321, 336, 338, 343, 860, 1374, 3443, 4505, 1960, 434, 464, 477, 4600]","[6167, 6259, 4362, 2332, 4608, 4609, 4610, 4616, 4619, 4620, 4621, 4622, 4832, 2887, 5162, 5222, 5268, 5478, 5586, 5738, 1729, 5853, 3850, 5899, 5911, 5913, 5922, 5942, 5946, 1878, 1909, 6109, 2029]",0.7213536329478358,0.5612160566706021,27,33,1,6.9258
Written Subtraction,Perimeter,"[515, 36, 2623, 79, 146, 4291, 3285, 2790, 5909, 2870, 339, 343, 1926, 3643, 964, 477, 5109]","[2156, 183, 4300, 2276, 2299, 395, 405, 424, 620, 2675, 2769, 2770, 2771, 2772, 2773, 2774, 2775, 2800, 2802, 2803, 2808, 2809, 2810, 2811, 2812, 2814, 2862, 5264, 5464, 5517, 5545, 1640, 1641, 3756, 1740, 1750, 1834, 5975, 3940, 2004, 2030, 6141]",0.7150883430295195,0.632936507936508,17,42,1,6.9168
Upper and Lower Bounds,Volume of Prisms,"[2622, 608, 1643, 1732, 209, 256, 3002, 464]","[6167, 6203, 6259, 4362, 2332, 4598, 4599, 4600, 4601, 4602, 4603, 4604, 4605, 4606, 4607, 4608, 4609, 4610, 4611, 4612, 4614, 4616, 4615, 4618, 4619, 4621, 4622, 4623, 4624, 4617, 4620, 4734, 4736, 4832, 2887, 5027, 5162, 5222, 5268, 5478, 5586, 5738, 1729, 5853, 3850, 5899, 5911, 5913, 5922, 5942, 5946, 1878, 1909, 6109, 2029]",0.8024305555555555,0.6445848091302637,8,55,1,6.9025
Place Value,Written Division,"[6178, 6203, 6232, 2159, 2197, 4258, 4268, 196, 2282, 2283, 4457, 403, 2506, 522, 2623, 632, 669, 831, 1177, 5347, 3311, 1280, 5664, 5699, 3962]","[24, 5714, 1207, 4294, 813, 5970, 400, 925, 1477, 480]",0.684064602064602,0.6652380952380952,25,10,1,6.8951
Dividing Fractions,Volume of Prisms,"[79, 88, 2790, 2923]","[6167, 6203, 6259, 4362, 2332, 4598, 4599, 4600, 4601, 4602, 4603, 4604, 4605, 4606, 4608, 4609, 4610, 4611, 4612, 4614, 4616, 4615, 4618, 4619, 4621, 4617, 4623, 4624, 4620, 4622, 4734, 4736, 4607, 4832, 2887, 5027, 5162, 5222, 5268, 5478, 5586, 5738, 1729, 5853, 3850, 5899, 5911, 5913, 5922, 5942, 5946, 1878, 1909, 6109, 2029]",0.9736842105263158,0.6445848091302637,4,55,1,6.8843
Ordering Fractions,Linear Equations,"[2571, 15, 31, 130, 198, 235, 434]","[4100, 2228, 2303, 282, 509, 4726, 4868, 4870, 4873, 4874, 802, 5028, 5029, 5030, 5032, 5034, 5064, 5065, 5066, 5067, 5068, 5069, 5071, 5074, 5075, 5076, 3029, 5077, 5102, 5109, 5118, 5119, 5120, 5121, 5122, 1348, 1592, 1597, 1598, 1599, 1601, 1615, 3768, 3769, 3770, 3772, 3773, 3774, 3775, 3776, 3777, 3778, 3779, 3780, 3781, 3782, 3783, 3784, 3785, 3786, 3788, 3789, 3790, 3791, 3792, 3793, 3794, 3795, 3796, 3797, 3798, 3799, 3800, 3801, 3802, 3803, 3804, 3805, 3923, 3924, 3927, 3932, 3935]",0.6342671614100185,0.5993914258163202,7,83,1,6.8798
Prime Numbers and Prime Factors,Direct Proportion,"[544, 57, 65, 3161, 2665, 3295, 768, 3332, 3333, 291, 321, 339, 343, 406, 488]","[97, 2283, 2315, 2319, 2329, 396, 2626, 3012, 5239, 5240, 3213, 3217, 3221, 3222, 5279, 5280, 5294, 3620, 3621, 3622, 3623, 3624, 3625, 3626, 3627, 3628, 3629, 3630, 3631, 3632, 3633, 3635, 3636, 3637, 3638, 3663]",0.8738864838864839,0.789484126984127,15,36,1,6.8798
Volume and Capacity Units,Ordering Fractions,"[1709, 5529]","[4250, 751, 1031, 5295, 1536, 1546]",0.6857142857142857,0.5529100529100529,2,6,1,6.8785
Writing Expressions,Missing Lengths,"[2571, 1679, 2748, 291, 1923, 1486, 464]","[3351, 6059]",0.9584415584415584,0.4166666666666667,7,2,1,6.8712
Counting,Adding and Subtracting with Decimals,"[2599, 6205, 99, 125, 4231, 4233, 4236, 4237, 4300, 3285, 3294, 3295, 5909, 2870, 1920, 477]","[4104, 48, 124, 220, 2278, 2321, 2386, 358, 384, 534, 552, 2628, 2646, 2656, 645, 670, 681, 687, 906, 909, 920, 3002, 1096, 1175, 3232, 3353]",0.7678490627020039,0.8048076923076923,16,26,0,6.8711
Mental Addition and Subtraction,Upper and Lower Bounds,"[6, 7, 10, 2072, 2623, 6212, 2642, 3160, 2665, 3250, 3252, 3264, 3295, 256, 776, 3338, 2351, 1374, 450, 464, 477]",[984],0.7927474297039515,0.5,21,1,1,6.8681
Function Machines,Simplifying Expressions by Collecting Like Terms,"[9, 531, 2581, 2599, 2665, 122, 182, 211, 232, 258, 266, 289, 301, 308, 5010, 5021]","[4201, 2195, 3761, 3763, 3765, 3766, 3767, 4276, 4288, 250, 851, 852]",0.6275005835667601,0.7444444444444445,16,12,0,6.8667
Percentages of an Amount,Two Way Tables,"[2642, 656, 147, 2256, 268]","[3379, 3380]",0.6841666666666667,0.625,5,2,1,6.8646
Rounding to Significant Figures,"Square Roots, Cube Roots, etc","[2639, 626, 3749, 724]","[1758, 804]",0.886904761904762,0.9,4,2,0,6.8621
Multiplying and Dividing with Decimals,Missing Lengths,"[522, 3609, 2597, 2603, 2623, 83, 606, 613, 2210, 191, 4823, 2790, 3295, 5909, 2868, 2359, 2870, 324, 2946, 389, 1926, 402, 1938, 412, 424, 427, 6082, 964]","[3351, 385, 6059, 458]",0.9161989795918367,0.480654761904762,28,4,1,6.8613
Converting between Decimals and Percentages,Substitution into Formula,"[2571, 31, 6205, 2623, 71, 73, 79, 2644, 88, 98, 122, 668, 158, 3285, 225, 776, 289, 291, 324, 328, 1402, 1406, 1424, 406, 477, 485]","[6356, 2391, 4502, 422, 442, 858, 860, 861, 5171, 5259, 1881, 1884, 2010]",0.7225365375365377,0.7344322344322346,26,13,0,6.8578
Multiplying and Dividing with Decimals,Volume of Prisms,"[1056, 2622, 2623, 79, 3719, 190, 2786, 2790, 282, 324, 402, 406, 921, 424]","[6167, 6203, 6259, 4362, 2332, 4598, 4599, 4600, 4601, 4602, 4603, 4604, 4605, 4606, 4608, 4609, 4610, 4611, 4612, 4614, 4616, 4615, 4618, 4619, 4617, 4621, 4620, 4623, 4624, 4622, 4734, 4736, 4832, 2887, 5027, 5162, 5222, 5268, 5478, 5586, 5738, 1729, 5853, 3850, 5899, 5911, 5913, 5922, 5942, 5946, 1878, 1909, 6109, 2029]",0.6839285714285713,0.6447370530703865,14,54,1,6.8525
Place Value,Multiples and Lowest Common Multiple,"[2072, 6189, 55, 6203, 86, 6232, 98, 6243, 2159, 134, 6281, 156, 4258, 192, 4291, 2282, 2283, 262, 4457, 381, 4502, 2508, 522, 530, 556, 4659, 2623, 598, 632, 2707, 667, 669, 801, 964, 5347, 3311, 1274, 1275, 1276, 1280, 1281, 1287, 1290, 1294, 3401, 3532, 5699, 3859, 1821, 1987, 6090, 6097]","[254, 418, 4703, 2661, 706, 889, 891, 936, 5779]",0.651471765414073,0.7592592592592592,52,9,0,6.8523
"Basic Angle Facts (straight line, opposite, around a point, etc)",Bearings,"[2612, 57, 96]","[617, 705, 2280, 793, 794, 798, 868, 869, 878, 411, 413, 414, 415, 416, 419, 438, 444, 462]",0.8111111111111112,0.5544973544973545,3,18,1,6.8446
Place Value,"Square Roots, Cube Roots, etc","[86, 598, 134, 192, 235]","[1758, 804]",0.6778571428571428,0.9,5,2,0,6.8438
Percentages of an Amount,Percentage Increase and Decrease,"[10, 1562, 572, 1600, 1601, 1613, 656, 147, 752, 268, 1302, 1306, 1309, 1324, 309, 1404, 1406, 1413, 1421, 434, 468, 506]","[4639, 704, 972, 3929, 608, 3191, 4735]",0.7881642050759697,0.7476190476190475,22,7,1,6.8354
Percentages of an Amount,Probability of Single Events,"[10, 2642, 2132, 2256, 268]","[4135, 4136, 4137, 4139, 4140, 4141, 4142, 4143, 4144, 4145, 4146, 4148, 4149, 4151, 4152, 4153, 4154, 4665, 4666, 4667, 4668, 4669, 4670, 4672, 4675, 4671, 4678, 4702, 4202, 4224, 2917, 2920, 4155]",0.7593464052287582,0.691774891774892,5,33,1,6.8311
Time Series and Line Graphs,Linear Sequences (nth term),"[4103, 15, 20, 6167, 2075, 2077, 2082, 2081, 2086, 2087, 2088, 2089, 2090, 2091, 44, 2093, 2094, 2092, 2096, 2097, 85, 4183, 93, 4257, 170, 198, 4300, 2076, 2080, 235, 2291, 4358, 4363, 4364, 4366, 278, 287, 6432, 2340, 305, 4401, 319, 356, 357, 389, 4493, 441, 445, 470, 2581, 2594, 2612, 2620, 2636, 2644, 609, 626, 641, 712, 2779, 2805, 773, 4874, 2870, 877, 957, 3017, 3045, 3046, 3048, 3049, 3071, 5172, 3142, 3159, 3218, 5278, 3294, 3295, 3308, 3333, 5557, 3514, 1525, 1529, 1535, 1543, 1544, 1555, 3608, 1627, 1688, 3749, 1724, 1730, 3779, 1761, 1768, 5909, 1821, 1825, 1907, 1922, 1930, 1931, 1938, 1968, 1969, 1970]","[4099, 4101, 4106, 22, 2167, 2168, 2169, 2170, 2171, 2172, 2173, 2174, 2175, 2176, 2177, 2178, 2179, 2180, 2181, 2182, 2183, 2184, 2185, 2187, 2188, 2189, 2190, 2191, 2192, 2193, 2194, 2196, 2203, 212, 213, 2269, 222, 6424, 2409, 2414, 397, 469, 515, 566, 574, 2639, 637, 690, 844, 870, 928, 973, 3028, 988, 1073, 1105, 5271, 1179, 3231, 5303, 1239, 3307, 1337, 1501, 5612, 5613, 1563, 5759, 3711, 3714, 3739, 3740, 3744, 3750, 3758, 3759, 3760, 5885, 3859, 3865, 3878, 3884, 3894, 3904, 3937, 3965, 3966, 3975, 3976, 3979, 3986, 4048, 4051, 4050, 4052, 4053, 4055, 4070, 4072, 2026, 4075]",0.7236729932367229,0.7120276418398144,109,101,1,6.8279
Linear Equations,Laws of Indices,"[3132, 3139, 69, 79, 3162, 201, 3051, 3052]","[642, 3244, 3813, 3814, 3815, 3816, 3817, 287, 4895, 4908, 4909, 1921, 1922, 1923, 1925, 1926, 1927, 1928, 1929, 1930, 1931, 1932, 1933, 1934, 1935, 1936, 1937, 1938, 1939, 1940, 979]",0.6872132034632035,0.5036866359447004,8,31,1,6.8242
Place Value,Estimation,"[98, 2159, 4219, 134, 4255, 4258, 196, 235, 4422, 522, 556, 2623, 593, 669, 3027, 5347, 5699, 1690, 1842]","[1024, 4638, 5720, 686, 2375, 697, 744, 2306, 3845, 2311, 3352, 6434, 2360, 2361, 2362, 2363, 2364, 2365, 2366, 2367, 2368, 2370, 2371, 2372, 2373, 2374, 2376, 2377, 2378, 2379, 2380, 2381, 2382, 2383, 2384, 5471, 2443, 5521, 1479]",0.579093567251462,0.6434676434676435,19,39,0,6.8163
Prime Numbers and Prime Factors,Laws of Indices,"[57, 3161, 291, 1931, 488]","[642, 3244, 3813, 3814, 3815, 3816, 3817, 287, 4895, 4908, 4909, 1921, 1923, 1924, 1932, 1933, 1936, 1937, 1939, 1940, 979]",0.4929365079365079,0.5084467120181406,5,21,0,6.8103
Ordering Negative Numbers,Naming Co-ordinates in 2D,"[6, 15, 543, 636, 1679, 146, 164, 2248, 4301, 3295, 279, 4383, 4422, 389, 3469, 6061, 2522, 5104]","[5132, 5905, 5137, 2069, 5145, 5146, 2589, 5147, 5149, 5908, 6221, 5739, 6267, 5763, 6295, 1177, 6298, 6306, 4269, 6338, 5318, 5339, 3301, 750, 4865, 4866, 6407, 5901, 6415, 6423, 5953, 1346, 1882, 5978, 5495, 6018, 6025, 1955, 5033, 2506, 1485, 5105, 5106]",0.9222222222222223,0.8142580287929128,18,43,1,6.7993
Factors and Highest Common Factor,Equivalent Fractions,"[6189, 79, 606, 3295, 318, 325, 343]","[1537, 1538, 1539, 1540, 1541, 1543, 1545, 1547, 1530, 1092, 1440, 1441, 1442, 1444, 1689, 1691, 1692, 1693, 1694, 1695, 1696, 1697, 1457, 1464, 2788, 2288, 2294, 4867, 1913, 1443, 1445, 1446, 1447, 1448, 1449, 1450, 1451, 1452, 1453, 1454, 1455, 1456, 1458, 1459, 1460, 1461, 1462, 1463, 1465, 1531, 1533, 1534]",0.8619047619047618,0.803525641025641,7,52,1,6.7975
Multiplying Fractions,Volume and Capacity Units,"[531, 2072, 2603, 2623, 68, 69, 1641, 636, 146, 3285, 5909, 3357, 4382, 324, 343, 897, 988]","[1568, 821, 3461]",0.7086090764291457,0.26666666666666666,17,3,1,6.7967
Factors and Highest Common Factor,"Squares, Cubes, etc","[6189, 318, 406, 2612, 3295]","[2048, 2049, 2050, 2051, 2052, 2053, 2054, 2055, 2056, 2057, 2058, 2059, 2060, 2061, 2062, 2063, 2041, 516, 2045, 2047, 102, 699, 2043, 312, 948, 2040, 2042, 2044, 2046]",0.9417582417582417,0.8147783251231528,5,29,1,6.7965
Adding and Subtracting Fractions,Length Scale Factors in Similar Shapes,"[4, 2622, 2624, 2644, 3070, 99, 610, 1641, 5225, 151, 669, 2748, 2248, 2775, 3285, 3358, 2359, 1926, 406, 3047]","[241, 3457]",0.5443181818181818,0.5,20,2,1,6.7917
Area of Simple Shapes,Direct Proportion,"[79, 648, 2726, 964, 6082]","[97, 2283, 2315, 2329, 396, 2626, 3012, 3213, 3217, 3221, 3222, 3620, 3622, 3623, 3624, 3625, 3626, 3627, 3628, 3629, 3630, 3631, 3632, 3633, 3636, 3637, 3638, 3663]",0.8722222222222223,0.7799319727891155,5,28,1,6.7862
Converting between Fractions and Decimals,Linear Sequences (nth term),"[2075, 574, 2622, 70, 3070, 2665, 5225, 648, 1692, 3285, 3295, 2282, 756, 263, 1289, 279, 301, 821, 3469, 1938, 4502, 424, 427, 6082, 3017, 3047, 505]","[4099, 4101, 4106, 2167, 2168, 2169, 2170, 2171, 2172, 2173, 2174, 2175, 2176, 2177, 2178, 2179, 2180, 2181, 2182, 2183, 2184, 2185, 2187, 2188, 2189, 2190, 2191, 2192, 2193, 2194, 2196, 148, 2203, 213, 2269, 6424, 2409, 2414, 397, 469, 566, 2639, 637, 690, 844, 870, 928, 973, 3028, 988, 1073, 5271, 1179, 5278, 3231, 5302, 5303, 1239, 3307, 1337, 1499, 1500, 1501, 5612, 5613, 5759, 3711, 3714, 3723, 3739, 3740, 3744, 3750, 3758, 3759, 3760, 5885, 3859, 3865, 3878, 3884, 3894, 3904, 3910, 3937, 3965, 3966, 3975, 3976, 3979, 3986, 4048, 4051, 4050, 4052, 4053, 4055, 4070, 4072, 2026, 4075]",0.7617450913415676,0.7102446063934126,27,101,1,6.7788
Counting,Written Division,"[2599, 99, 648, 6320, 3285, 3295, 5909]","[24, 5714, 1207, 4294, 3311, 813, 5970, 400, 925, 1477, 480]",0.8968769325912184,0.6956709956709957,7,11,1,6.7708
Adding and Subtracting with Decimals,Naming Co-ordinates in 2D,"[515, 31, 2599, 2610, 6205, 70, 610, 105, 5739, 5763, 6278, 6284, 145, 146, 6338, 5318, 3285, 225, 3333, 3376, 389, 5529, 507]","[5132, 5905, 2069, 5145, 5146, 2589, 5147, 5149, 68, 1177, 6298, 6306, 5339, 3301, 750, 4866, 5901, 6415, 5953, 1882, 5978, 5495, 6018, 6025, 1955, 5033, 2506, 1485, 5105, 5106]",0.8571946169772258,0.7843253968253969,23,30,1,6.7705
Multiplying and Dividing with Decimals,Pie Chart,"[2072, 3614, 74, 81, 610, 6329, 3256, 2247, 201, 3285, 3295, 274, 282, 406, 424]","[4625, 5198, 5199, 5200, 5202, 5203, 5209, 5210, 3710, 3742, 3259, 2274, 271]",0.5476975638740345,0.613095238095238,15,13,0,6.7688
Linear Sequences (nth term),Averages and Range from Frequency Table,"[2074, 2093, 3157, 2388, 2394, 406, 452, 3066]","[6196, 4307, 420, 2765, 772, 1004, 1097, 1214, 1215, 1216, 1217, 1218, 1221, 1222, 1223, 1224, 1225, 1226, 1227, 1228, 1220, 1230, 1231, 1233, 1234, 1235, 5342, 5343, 5344, 3666, 3668, 3669, 3670, 3671, 3672, 3673, 3674, 3675, 3676, 3677, 3678, 3679, 3680, 3681, 3682, 3683, 3685, 3686, 3687, 3751, 1219]",0.6740502450980392,0.8093604108309991,8,51,0,6.7633
